{"name":"150d5650-aac3-40fd-8aba-3c37f22c111d","id":"/providers/Microsoft.Flow/flows/150d5650-aac3-40fd-8aba-3c37f22c111d","type":"Microsoft.Flow/flows","properties":{"apiId":"/providers/Microsoft.PowerApps/apis/shared_logicflows","displayName":"Search Files Graph API - Custom - Using Azure AD Invoke Web Request","definition":{"metadata":{"workflowEntityId":null,"processAdvisorMetadata":null,"flowclientsuspensionreason":"None","flowclientsuspensiontime":null,"flowclientsuspensionreasondetails":null,"creator":{"id":"088b2e33-e7dd-4793-b8d0-b713e8f1fb97","type":"User","tenantId":"c2593687-bdd2-40dc-9d37-140efdbbfed3"},"provisioningMethod":"FromDefinition","failureAlertSubscription":true,"clientLastModifiedTime":"2023-01-13T02:41:39.3364797Z"},"$schema":"https://schema.management.azure.com/providers/Microsoft.Logic/schemas/2016-06-01/workflowdefinition.json#","contentVersion":"1.0.0.0","parameters":{"$connections":{"defaultValue":{},"type":"Object"},"$authentication":{"defaultValue":{},"type":"SecureObject"}},"triggers":{"manual":{"metadata":{"operationMetadataId":"a6e0a1db-634c-4d22-bc37-e020c6f15225"},"type":"Request","kind":"Button","inputs":{"schema":{"type":"object","properties":{},"required":[]}}}},"actions":{"Invoke_an_HTTP_request":{"runAfter":{},"metadata":{"operationMetadataId":"72fdd50e-a5ff-4f0d-b539-cffcd9ada47f"},"type":"OpenApiConnection","inputs":{"host":{"apiId":"/providers/Microsoft.PowerApps/apis/shared_webcontents","connectionName":"shared_webcontents_1","operationId":"InvokeHttp"},"parameters":{"request/method":"POST","request/url":"https://graph.microsoft.com/v1.0/search/query","request/body":"{\n    \"requests\": [\n        {\n            \"entityTypes\": [\n                \"listItem\"\n            ],\n            \"query\": {\n                \"queryString\": \"RefinableString00:Downtime AND isDocument:true\"\n            },\n            \"fields\": [\n                \"title\",\n                \"ListItemId\",\n                \"ListID\",\n                \"Filename\",\n                \"WebUrl\",\n                \"SiteID\",\n                \"WebId\",\n                \"Author\",\n                \"LastModifiedTime\"\n            ]\n        }\n    ]\n}"},"authentication":{"value":"@json(decodeBase64(triggerOutputs().headers['X-MS-APIM-Tokens']))['$ConnectionKey']","type":"Raw"}},"description":"RefinableString00 is a managed property that has the Process column mapped to it so that we can query it via the Graph API"},"Parse_JSON":{"runAfter":{"Invoke_an_HTTP_request":["Succeeded"]},"metadata":{"operationMetadataId":"48cdad57-391b-4bc0-aebd-7f04839df774"},"type":"ParseJson","inputs":{"content":"@body('Invoke_an_HTTP_request')","schema":{"type":"object","properties":{"value":{"type":"array","items":{"type":"object","properties":{"searchTerms":{"type":"array","items":{"type":"string"}},"hitsContainers":{"type":"array","items":{"type":"object","properties":{"hits":{"type":"array","items":{"type":"object","properties":{"hitId":{"type":"string"},"rank":{"type":"integer"},"summary":{"type":"string"},"resource":{"type":"object","properties":{"@@odata.type":{"type":"string"},"fields":{"type":"object","properties":{"title":{"type":"string"},"listItemId":{"type":"string"},"listID":{"type":"string"},"filename":{"type":"string"},"siteID":{"type":"string"},"webId":{"type":"string"},"author":{"type":"string"},"lastModifiedTime":{"type":"string"}}},"webUrl":{"type":"string"}}}},"required":["hitId","rank","summary","resource"]}},"total":{"type":"integer"},"moreResultsAvailable":{"type":"boolean"}},"required":["hits","total","moreResultsAvailable"]}}},"required":["searchTerms","hitsContainers"]}},"@@odata.context":{"type":"string"}}}}},"Apply_to_each":{"foreach":"@body('Parse_JSON')?['value']","actions":{"Apply_to_each_-_Containers":{"foreach":"@items('Apply_to_each')?['hitsContainers']","actions":{"Apply_to_each_-_Hits":{"foreach":"@items('Apply_to_each_-_Containers')?['hits']","actions":{"Compose_Site_URL":{"runAfter":{},"metadata":{"operationMetadataId":"98ffee4d-fa95-4b1e-bc55-8d97f7949e59"},"type":"Compose","inputs":"@split(items('Apply_to_each_-_Hits')?['resource']?['webUrl'],'Shared Documents/')[0]"},"Get_item":{"runAfter":{"Compose_Site_URL":["Succeeded"]},"metadata":{"operationMetadataId":"804004e1-40ec-4cb1-8b26-64820946cb14"},"type":"OpenApiConnection","inputs":{"host":{"apiId":"/providers/Microsoft.PowerApps/apis/shared_sharepointonline","connectionName":"shared_sharepointonline","operationId":"GetItem"},"parameters":{"dataset":"@outputs('Compose_Site_URL')","table":"@items('Apply_to_each_-_Hits')?['resource']?['fields']?['listID']","id":"@items('Apply_to_each_-_Hits')?['resource']?['fields']?['listItemId']"},"authentication":{"value":"@json(decodeBase64(triggerOutputs().headers['X-MS-APIM-Tokens']))['$ConnectionKey']","type":"Raw"}}},"Condition":{"actions":{"Get_file_content":{"runAfter":{},"metadata":{"operationMetadataId":"d809c778-6d84-4a91-b10c-68f0f342ce83"},"type":"OpenApiConnection","inputs":{"host":{"apiId":"/providers/Microsoft.PowerApps/apis/shared_sharepointonline","connectionName":"shared_sharepointonline","operationId":"GetFileContent"},"parameters":{"dataset":"@outputs('Compose_Site_URL')","id":"@body('Get_item')?['{Identifier}']","inferContentType":true},"authentication":{"value":"@json(decodeBase64(triggerOutputs().headers['X-MS-APIM-Tokens']))['$ConnectionKey']","type":"Raw"}}},"Create_file":{"runAfter":{"Get_file_content":["Succeeded"]},"metadata":{"operationMetadataId":"bb47d0dc-c71e-41c6-8629-9f6b26ddb0c8"},"type":"OpenApiConnection","inputs":{"host":{"apiId":"/providers/Microsoft.PowerApps/apis/shared_filesystem","connectionName":"shared_filesystem","operationId":"CreateFile"},"parameters":{"folderPath":"C:/Shared/","name":"@body('Get_item')?['{FilenameWithExtension}']","body":"@body('Get_file_content')"},"authentication":{"value":"@json(decodeBase64(triggerOutputs().headers['X-MS-APIM-Tokens']))['$ConnectionKey']","type":"Raw"}}}},"runAfter":{"Get_item":["Succeeded"]},"expression":{"or":[{"contains":["@items('Apply_to_each_-_Hits')?['resource']?['fields']?['filename']",".docx"]},{"contains":["@items('Apply_to_each_-_Hits')?['resource']?['fields']?['filename']",".pdf"]}]},"metadata":{"operationMetadataId":"1d56cb30-fcff-4733-951c-e7cf8f1a129c"},"type":"If"}},"runAfter":{},"metadata":{"operationMetadataId":"ea0909e6-658c-4cf7-88c2-6226e5a81203"},"type":"Foreach"}},"runAfter":{},"metadata":{"operationMetadataId":"bed4c257-6e92-4e9a-ad2f-05d2f0e27194"},"type":"Foreach"}},"runAfter":{"Parse_JSON":["Succeeded"]},"metadata":{"operationMetadataId":"daedd4f2-7522-4f1b-a28d-c4bfa12898d9"},"type":"Foreach"}},"outputs":{}},"connectionReferences":{"shared_webcontents_1":{"connectionName":"shared-webcontents-865098ca-c7b6-43e8-965d-fcfc010eaa0f","source":"Invoker","id":"/providers/Microsoft.PowerApps/apis/shared_webcontents","tier":"NotSpecified"},"shared_sharepointonline":{"connectionName":"64989d6ad79940469d65afe38a3d4860","source":"Invoker","id":"/providers/Microsoft.PowerApps/apis/shared_sharepointonline","tier":"NotSpecified"},"shared_filesystem":{"connectionName":"shared-filesystem-bbea05d1-60b0-44a9-ac99-d734686ccc46","source":"Invoker","id":"/providers/Microsoft.PowerApps/apis/shared_filesystem","tier":"NotSpecified"}},"flowFailureAlertSubscribed":false,"isManaged":false}}