<ImportExportXml xmlns:xsi="http://www.w3.org/2001/XMLSchema-instance">
  <Entities></Entities>
  <Roles></Roles>
  <Workflows>
    <Workflow WorkflowId="{99c19f2b-53ce-ed11-b596-000d3a339e6d}" Name="Multiple Assignee Notification - Individual Email with list of items assigned" Description="This flow example leads to an email notification being sent to an assignee, with a list of items assigned to them. The assignees column allows for multiple selection. This will send 1 email to each assignee with a list of items that meet the criteria per the ODATA filter specified in the Get Items action.">
      <JsonFileName>/Workflows/MultipleAssigneeNotification-IndividualEmailwithli-99C19F2B-53CE-ED11-B596-000D3A339E6D.json</JsonFileName>
      <Type>1</Type>
      <Subprocess>0</Subprocess>
      <Category>5</Category>
      <Mode>0</Mode>
      <Scope>4</Scope>
      <OnDemand>0</OnDemand>
      <TriggerOnCreate>0</TriggerOnCreate>
      <TriggerOnDelete>0</TriggerOnDelete>
      <AsyncAutodelete>0</AsyncAutodelete>
      <SyncWorkflowLogOnFailure>0</SyncWorkflowLogOnFailure>
      <StateCode>0</StateCode>
      <StatusCode>1</StatusCode>
      <RunAs>1</RunAs>
      <IsTransacted>1</IsTransacted>
      <IntroducedVersion>1.0.0.0</IntroducedVersion>
      <IsCustomizable>1</IsCustomizable>
      <BusinessProcessType>0</BusinessProcessType>
      <IsCustomProcessingStepAllowedForOtherPublishers>1</IsCustomProcessingStepAllowedForOtherPublishers>
      <PrimaryEntity>none</PrimaryEntity>
      <LocalizedNames>
        <LocalizedName languagecode="1033" description="Multiple Assignee Notification - Individual Email with list of items assigned" />
      </LocalizedNames>
      <Descriptions>
        <Description languagecode="1033" description="This flow example leads to an email notification being sent to an assignee, with a list of items assigned to them. The assignees column allows for multiple selection. This will send 1 email to each assignee with a list of items that meet the criteria per the ODATA filter specified in the Get Items action." />
      </Descriptions>
    </Workflow>
  </Workflows>
  <FieldSecurityProfiles></FieldSecurityProfiles>
  <Templates />
  <EntityMaps />
  <EntityRelationships />
  <OrganizationSettings />
  <optionsets />
  <CustomControls />
  <EntityDataProviders />
  <connectionreferences>
    <connectionreference connectionreferencelogicalname="mm_sharedoffice365_570e3">
      <connectionreferencedisplayname>Office 365 Outlook MultipleAssigneeNotifications-570e3</connectionreferencedisplayname>
      <connectorid>/providers/Microsoft.PowerApps/apis/shared_office365</connectorid>
      <iscustomizable>1</iscustomizable>
      <statecode>0</statecode>
      <statuscode>1</statuscode>
    </connectionreference>
    <connectionreference connectionreferencelogicalname="mm_sharedsharepointonline_0af19">
      <connectionreferencedisplayname>SharePoint MultipleAssigneeNotifications-0af19</connectionreferencedisplayname>
      <connectorid>/providers/Microsoft.PowerApps/apis/shared_sharepointonline</connectorid>
      <iscustomizable>1</iscustomizable>
      <statecode>0</statecode>
      <statuscode>1</statuscode>
    </connectionreference>
  </connectionreferences>
  <Languages>
    <Language>1033</Language>
  </Languages>
</ImportExportXml>