{
  "properties": {
    "connectionReferences": {
      "shared_sharepointonline_1": {
        "runtimeSource": "embedded",
        "connection": {
          "connectionReferenceLogicalName": "mm_sharedsharepointonline_0af19"
        },
        "api": {
          "name": "shared_sharepointonline"
        }
      },
      "shared_office365_2": {
        "runtimeSource": "embedded",
        "connection": {
          "connectionReferenceLogicalName": "mm_sharedoffice365_570e3"
        },
        "api": {
          "name": "shared_office365"
        }
      }
    },
    "definition": {
      "$schema": "https://schema.management.azure.com/providers/Microsoft.Logic/schemas/2016-06-01/workflowdefinition.json#",
      "contentVersion": "1.0.0.0",
      "parameters": {
        "$connections": {
          "defaultValue": {},
          "type": "Object"
        },
        "$authentication": {
          "defaultValue": {},
          "type": "SecureObject"
        }
      },
      "triggers": {
        "manual": {
          "metadata": {
            "operationMetadataId": "3a1dab11-7064-4757-a6c0-4830091cf830"
          },
          "type": "Request",
          "kind": "Button",
          "inputs": {
            "schema": {
              "type": "object",
              "properties": {},
              "required": []
            }
          }
        }
      },
      "actions": {
        "Get_items": {
          "runAfter": {},
          "metadata": {
            "operationMetadataId": "4de1d9e1-69a9-43a5-a7fa-7f26d6cbcad3"
          },
          "type": "OpenApiConnection",
          "inputs": {
            "host": {
              "connectionName": "shared_sharepointonline_1",
              "operationId": "GetItems",
              "apiId": "/providers/Microsoft.PowerApps/apis/shared_sharepointonline"
            },
            "parameters": {
              "dataset": "https://andromeda1987.sharepoint.com/sites/M365Adoption",
              "table": "7388a630-5f70-4bf9-99a5-7f462ea63e55",
              "$filter": "Modified gt '2023-03-28T23:59:59Z' and Modified lt '2023-03-30T00:00:00Z'"
            },
            "authentication": {
              "type": "Raw",
              "value": "@json(decodeBase64(triggerOutputs().headers['X-MS-APIM-Tokens']))['$ConnectionKey']"
            }
          }
        },
        "Apply_to_each": {
          "foreach": "@outputs('Get_items')?['body/value']",
          "actions": {
            "Apply_to_each_2": {
              "foreach": "@items('Apply_to_each')?['Assignees']",
              "actions": {
                "Append_to_array_variable": {
                  "runAfter": {},
                  "metadata": {
                    "operationMetadataId": "29c61905-78b7-49c8-ae6d-3da6a031a35f"
                  },
                  "type": "AppendToArrayVariable",
                  "inputs": {
                    "name": "varAssignees",
                    "value": "@items('Apply_to_each_2')?['Email']"
                  }
                }
              },
              "runAfter": {},
              "metadata": {
                "operationMetadataId": "d990b715-5c8d-4ead-af3f-3ff798e56fca"
              },
              "type": "Foreach"
            }
          },
          "runAfter": {
            "Initialize_variable_-_varAssignees": [
              "Succeeded"
            ]
          },
          "metadata": {
            "operationMetadataId": "8bf4dad4-297f-41f7-82e7-fbaab0106f98"
          },
          "type": "Foreach"
        },
        "Initialize_variable_-_varAssignees": {
          "runAfter": {
            "Get_items": [
              "Succeeded"
            ]
          },
          "metadata": {
            "operationMetadataId": "55a63e0a-c749-4049-b172-0b0eb9ce1896"
          },
          "type": "InitializeVariable",
          "inputs": {
            "variables": [
              {
                "name": "varAssignees",
                "type": "array"
              }
            ]
          }
        },
        "Compose_-_get_unique_users": {
          "runAfter": {
            "Apply_to_each": [
              "Succeeded"
            ]
          },
          "metadata": {
            "operationMetadataId": "a5516b19-b90c-40b1-8047-ce44ac194b3c"
          },
          "type": "Compose",
          "inputs": "@union(variables('varAssignees'),variables('varAssignees'))",
          "description": "union(variables('var_Assignees'),variables('var_Assignees'))"
        },
        "Apply_to_each_-_loop_through_unique_users": {
          "foreach": "@outputs('Compose_-_get_unique_users')",
          "actions": {
            "Filter_array": {
              "runAfter": {},
              "metadata": {
                "operationMetadataId": "53fe4664-a84a-4d2c-9d4b-85543c93b8f7"
              },
              "type": "Query",
              "inputs": {
                "from": "@outputs('Get_items')?['body/value']",
                "where": "@contains(string(item()?['Assignees']), items('Apply_to_each_-_loop_through_unique_users'))"
              },
              "description": "string(item()?['Assignees'])"
            },
            "Create_HTML_table": {
              "runAfter": {
                "Filter_array": [
                  "Succeeded"
                ]
              },
              "metadata": {
                "operationMetadataId": "d7fbde1d-5213-47c7-929c-e0d2bcf3bea5"
              },
              "type": "Table",
              "inputs": {
                "from": "@body('Filter_array')",
                "format": "HTML"
              }
            },
            "Send_an_email_(V2)": {
              "runAfter": {
                "Create_HTML_table": [
                  "Succeeded"
                ]
              },
              "metadata": {
                "operationMetadataId": "737facbf-806a-4074-9833-8c621d059723"
              },
              "type": "OpenApiConnection",
              "inputs": {
                "host": {
                  "connectionName": "shared_office365_2",
                  "operationId": "SendEmailV2",
                  "apiId": "/providers/Microsoft.PowerApps/apis/shared_office365"
                },
                "parameters": {
                  "emailMessage/To": "@items('Apply_to_each_-_loop_through_unique_users')",
                  "emailMessage/Subject": "Items assigned to you.",
                  "emailMessage/Body": "<p>@{body('Create_HTML_table')}</p>",
                  "emailMessage/Importance": "Normal"
                },
                "authentication": {
                  "type": "Raw",
                  "value": "@json(decodeBase64(triggerOutputs().headers['X-MS-APIM-Tokens']))['$ConnectionKey']"
                }
              }
            }
          },
          "runAfter": {
            "Compose_-_get_unique_users": [
              "Succeeded"
            ]
          },
          "metadata": {
            "operationMetadataId": "ad701395-2f4f-450a-992d-d4f900a3da87"
          },
          "type": "Foreach"
        }
      },
      "outputs": {}
    },
    "templateName": ""
  },
  "schemaVersion": "1.0.0.0"
}