{"name":"893e73e5-fb50-444d-9383-70cab45dc488","id":"/providers/Microsoft.Flow/flows/893e73e5-fb50-444d-9383-70cab45dc488","type":"Microsoft.Flow/flows","properties":{"apiId":"/providers/Microsoft.PowerApps/apis/shared_logicflows","displayName":"Get System Administrators option","definition":{"metadata":{"workflowEntityId":null,"processAdvisorMetadata":null,"flowclientsuspensionreason":"None","flowclientsuspensiontime":null,"flowclientsuspensionreasondetails":null,"creator":{"id":"088b2e33-e7dd-4793-b8d0-b713e8f1fb97","type":"User","tenantId":"c2593687-bdd2-40dc-9d37-140efdbbfed3"},"provisioningMethod":"FromDefinition","failureAlertSubscription":true,"clientLastModifiedTime":"2023-01-12T14:53:46.8927844Z"},"$schema":"https://schema.management.azure.com/providers/Microsoft.Logic/schemas/2016-06-01/workflowdefinition.json#","contentVersion":"1.0.0.0","parameters":{"$connections":{"defaultValue":{},"type":"Object"},"$authentication":{"defaultValue":{},"type":"SecureObject"}},"triggers":{"manual":{"metadata":{"operationMetadataId":"8db25c2a-4185-4b32-83b3-1421513b2ef9"},"type":"Request","kind":"Button","inputs":{"schema":{"type":"object","properties":{},"required":[]}}}},"actions":{"List_Users_-_Security_Roles":{"runAfter":{},"metadata":{"operationMetadataId":"6eb4249a-5709-480d-8b89-4272e8b89f27"},"type":"OpenApiConnection","inputs":{"host":{"apiId":"/providers/Microsoft.PowerApps/apis/shared_commondataserviceforapps","connectionName":"shared_commondataserviceforapps","operationId":"ListRecords"},"parameters":{"entityName":"systemusers","$select":"domainname,firstname,lastname,internalemailaddress","$expand":"systemuserroles_association($select=name;$filter=name eq 'System Administrator')"},"authentication":"@parameters('$authentication')"},"runtimeConfiguration":{"paginationPolicy":{"minimumItemCount":100000}}},"Apply_to_each":{"foreach":"@outputs('List_Users_-_Security_Roles')?['body/value']","actions":{"Apply_to_each_2":{"foreach":"@items('Apply_to_each')?['systemuserroles_association']","actions":{"Add_a_row_into_a_table":{"runAfter":{},"metadata":{"01ZHWY6MZQENV6DWJBIJEY26FFBWL5D4D5":"/SecurityRoleAssignment.xlsx","operationMetadataId":"ec4d6d1e-4ee4-4d11-9000-8f5344428d2e","tableId":"{3C793479-8412-4D40-96C9-F27D21DDB84F}","01ZHWY6M7NO3HR52YWI5E33SODBVOHONRI":"/PPEnvironmentSystemAdministrators.xlsx"},"type":"OpenApiConnection","inputs":{"host":{"apiId":"/providers/Microsoft.PowerApps/apis/shared_excelonlinebusiness","connectionName":"shared_excelonlinebusiness","operationId":"AddRowV2"},"parameters":{"source":"me","drive":"b!W_RnRLGtyEyGStOcZwcHfMA8ZawT_7BHjsXOWvA6iVK5xcYkzUpUT5RfwpxZ2i6w","file":"01ZHWY6M7NO3HR52YWI5E33SODBVOHONRI","table":"{3C793479-8412-4D40-96C9-F27D21DDB84F}","item/Username":"@items('Apply_to_each')?['domainname']","item/First Name":"@items('Apply_to_each')?['firstname']","item/Last Name":"@items('Apply_to_each')?['lastname']","item/Email":"@items('Apply_to_each')?['internalemailaddress']","item/Security Role":"@items('Apply_to_each_2')?['name']"},"authentication":{"value":"@json(decodeBase64(triggerOutputs().headers['X-MS-APIM-Tokens']))['$ConnectionKey']","type":"Raw"}}}},"runAfter":{},"metadata":{"operationMetadataId":"496a127e-0c7c-4d9a-89e4-3262e4473727"},"type":"Foreach"}},"runAfter":{"List_Users_-_Security_Roles":["Succeeded"]},"metadata":{"operationMetadataId":"7d2c28b8-beb9-4565-a1e0-ff39b39c1a74"},"type":"Foreach"}},"outputs":{},"description":"This flow gets the list of users with the System Administrator for the environment the flow is running on. The account has to have the Power Platform Administrator role or System Administrator role.\n\nThe Dataverse list rows action has pagination enabled to be able to pull up to 100,000 records. \n\nThe list of System Adminstrators is saved to an Excel file stored in OneDrive. This can be updated to a file in SharePoint Online."},"connectionReferences":{"shared_commondataserviceforapps":{"connectionName":"87841c95276c47ef842cae7886ee98d4","source":"Embedded","id":"/providers/Microsoft.PowerApps/apis/shared_commondataserviceforapps","tier":"NotSpecified"},"shared_excelonlinebusiness":{"connectionName":"shared-excelonlinebu-11192121-333e-4564-93cc-dafefd22a7de","source":"Invoker","id":"/providers/Microsoft.PowerApps/apis/shared_excelonlinebusiness","tier":"NotSpecified"}},"flowFailureAlertSubscribed":false,"isManaged":false}}