{"name":"e2df0e56-90c8-44e2-90ce-66afad840dcc","id":"/providers/Microsoft.Flow/flows/e2df0e56-90c8-44e2-90ce-66afad840dcc","type":"Microsoft.Flow/flows","properties":{"apiId":"/providers/Microsoft.PowerApps/apis/shared_logicflows","displayName":"Get all Environment System Admins","definition":{"metadata":{"workflowEntityId":null,"processAdvisorMetadata":null,"flowclientsuspensionreason":"None","flowclientsuspensiontime":null,"flowclientsuspensionreasondetails":null,"creator":{"id":"088b2e33-e7dd-4793-b8d0-b713e8f1fb97","type":"User","tenantId":"c2593687-bdd2-40dc-9d37-140efdbbfed3"},"provisioningMethod":"FromDefinition","failureAlertSubscription":true,"clientLastModifiedTime":"2023-01-13T02:48:59.753263Z"},"$schema":"https://schema.management.azure.com/providers/Microsoft.Logic/schemas/2016-06-01/workflowdefinition.json#","contentVersion":"1.0.0.0","parameters":{"$connections":{"defaultValue":{},"type":"Object"},"$authentication":{"defaultValue":{},"type":"SecureObject"}},"triggers":{"manual":{"metadata":{"operationMetadataId":"249bc8e2-33d6-4fc2-a49b-b5aed353c186"},"type":"Request","kind":"Button","inputs":{"schema":{"type":"object","properties":{"key-button-date":{"title":"Date","type":"string","x-ms-dynamically-added":false},"location":{"type":"object","properties":{"fullAddress":{"title":"Full address","type":"string","x-ms-dynamically-added":false},"address":{"type":"object","properties":{"countryOrRegion":{"title":"Country/Region","type":"string","x-ms-dynamically-added":false},"city":{"title":"City","type":"string","x-ms-dynamically-added":false},"state":{"title":"State","type":"string","x-ms-dynamically-added":false},"street":{"title":"Street","type":"string","x-ms-dynamically-added":false},"postalCode":{"title":"Postal code","type":"string","x-ms-dynamically-added":false}},"required":["countryOrRegion","city","state","street","postalCode"]},"coordinates":{"type":"object","properties":{"latitude":{"title":"Latitude","type":"number","x-ms-dynamically-added":false},"longitude":{"title":"Longitude","type":"number","x-ms-dynamically-added":false}},"required":["latitude","longitude"]}}}},"required":["key-button-date","location"]},"headersSchema":{"x-ms-user-name-encoded":{"title":"User name","type":"string","format":"byte","x-ms-dynamically-added":false},"x-ms-user-email-encoded":{"title":"User email","type":"string","format":"byte","x-ms-dynamically-added":false},"x-ms-user-timestamp":{"title":"Timestamp","type":"string","x-ms-dynamically-added":false}}}}},"actions":{"List_Environments_as_Admin":{"runAfter":{},"metadata":{"operationMetadataId":"20718c4c-96e6-4453-bf37-89511e8768a0"},"type":"OpenApiConnection","inputs":{"host":{"apiId":"/providers/Microsoft.PowerApps/apis/shared_powerplatformforadmins","connectionName":"shared_powerplatformforadmins","operationId":"Get-AdminEnvironment"},"parameters":{"api-version":"2018-10-01","$expand":"connectedGroups"},"authentication":{"value":"@json(decodeBase64(triggerOutputs().headers['X-MS-APIM-Tokens']))['$ConnectionKey']","type":"Raw"}},"runtimeConfiguration":{"paginationPolicy":{"minimumItemCount":100000}}},"Apply_to_each_Environment":{"foreach":"@outputs('List_Environments_as_Admin')?['body/value']","actions":{"Environment_DisplayName":{"runAfter":{},"metadata":{"operationMetadataId":"3c456c36-0127-4c26-9e12-e9fcda5ec158"},"type":"Compose","inputs":"@items('Apply_to_each_Environment')?['properties/displayName']"},"Condition_-_If_platformSku_Exists":{"actions":{},"runAfter":{"Environment_DisplayName":["Succeeded"]},"else":{"actions":{"Condition_-_If_platformSku_eq_\"Lite\"":{"actions":{"Send_an_HTTP_request_-_Unified_Group_Owners":{"runAfter":{},"metadata":{"operationMetadataId":"db896d13-fc97-4505-86f6-946294d55b0d"},"type":"OpenApiConnection","inputs":{"host":{"apiId":"/providers/Microsoft.PowerApps/apis/shared_office365groups","connectionName":"shared_office365groups","operationId":"HttpRequest"},"parameters":{"Uri":"https://graph.microsoft.com/v1.0/groups/@{first(items('Apply_to_each_Environment')?['properties/connectedGroups'])?['id']}/owners","Method":"GET","ContentType":"application/json"},"authentication":{"value":"@json(decodeBase64(triggerOutputs().headers['X-MS-APIM-Tokens']))['$ConnectionKey']","type":"Raw"}}},"Parse_JSON_-_Unified_Group_Owners":{"runAfter":{"Send_an_HTTP_request_-_Unified_Group_Owners":["Succeeded"]},"metadata":{"operationMetadataId":"713b04f3-cb46-4c36-9978-5b74f0839676"},"type":"ParseJson","inputs":{"content":"@body('Send_an_HTTP_request_-_Unified_Group_Owners')","schema":{"type":"object","properties":{"@@odata.context":{"type":"string"},"value":{"type":"array","items":{"type":"object","properties":{"@@odata.type":{"type":"string"},"id":{"type":"string"},"businessPhones":{"type":"array"},"displayName":{"type":"string"},"givenName":{},"jobTitle":{},"mail":{"type":"string"},"mobilePhone":{},"officeLocation":{},"preferredLanguage":{},"surname":{},"userPrincipalName":{"type":"string"}},"required":["@@odata.type","id","businessPhones","displayName","givenName","jobTitle","mail","mobilePhone","officeLocation","preferredLanguage","surname","userPrincipalName"]}}}}}},"Apply_to_each_Unified_Group_Owner":{"foreach":"@body('Parse_JSON_-_Unified_Group_Owners')?['value']","actions":{"Set_variable_-_varSystemAdminObject_2":{"runAfter":{},"metadata":{"operationMetadataId":"e5cc8bb9-d6c9-478c-8d43-5892c2f4c444"},"type":"SetVariable","inputs":{"name":"varSystemAdminObject","value":{"SystemAdminEmail":"@{items('Apply_to_each_Unified_Group_Owner')?['mail']}","EnvironmentDisplayName":"@{outputs('Environment_DisplayName')}","RoleType":"Group Owner","EnvironmentType":"Dataverse for Teams"}}},"Append_to_array_variable_-_varSystemAdminsArray_2":{"runAfter":{"Set_variable_-_varSystemAdminObject_2":["Succeeded"]},"metadata":{"operationMetadataId":"5431755d-c228-4901-b183-523aab761d46"},"type":"AppendToArrayVariable","inputs":{"name":"varSystemAdminsArray","value":"@variables('varSystemAdminObject')"}}},"runAfter":{"Parse_JSON_-_Unified_Group_Owners":["Succeeded"]},"metadata":{"operationMetadataId":"640cc5d1-06fa-4d60-ae2f-b15bbe52bcd5"},"type":"Foreach"}},"runAfter":{},"else":{"actions":{"List_Roles":{"runAfter":{},"metadata":{"operationMetadataId":"1e35ceeb-82d8-4592-acf6-0a55d713146c"},"type":"OpenApiConnection","inputs":{"host":{"apiId":"/providers/Microsoft.PowerApps/apis/shared_commondataservice","connectionName":"shared_commondataservice","operationId":"GetItems_V2"},"parameters":{"dataset":"@items('Apply_to_each_Environment')?['properties/linkedEnvironmentMetadata/instanceUrl']","table":"roles","$filter":"name eq 'System Administrator'"},"authentication":{"value":"@json(decodeBase64(triggerOutputs().headers['X-MS-APIM-Tokens']))['$ConnectionKey']","type":"Raw"}}},"Parse_JSON_-_Roles":{"runAfter":{"List_Roles":["Succeeded"]},"metadata":{"operationMetadataId":"fd9ceaf4-c442-4eb5-91d7-8afc6a36645e"},"type":"ParseJson","inputs":{"content":"@outputs('List_Roles')?['body/value']","schema":{"type":"array","items":{"type":"object","properties":{"@@odata.id":{"type":"string"},"@@odata.etag":{"type":"string"},"ItemInternalId":{"type":"string"},"overwritetime":{"type":"string"},"organizationid":{"type":"string"},"isinherited":{"type":"integer"},"_isinherited_label":{"type":"string"},"solutionid":{"type":"string"},"roleidunique":{"type":"string"},"_businessunitid_value":{"type":"string"},"_businessunitid_type":{"type":"string"},"ismanaged":{"type":"boolean"},"_roletemplateid_value":{"type":"string"},"_roletemplateid_type":{"type":"string"},"roleid":{"type":"string"},"componentstate":{"type":"integer"},"_componentstate_label":{"type":"string"},"_modifiedby_value":{"type":"string"},"_modifiedby_type":{"type":"string"},"_parentrootroleid_value":{"type":"string"},"_parentrootroleid_type":{"type":"string"},"createdon":{"type":"string"},"versionnumber":{"type":"integer"},"modifiedon":{"type":"string"},"name":{"type":"string"},"iscustomizable":{"type":"boolean"},"canbedeleted":{"type":"boolean"}},"required":["@@odata.id","@@odata.etag","ItemInternalId","overwritetime","organizationid","isinherited","_isinherited_label","solutionid","roleidunique","_businessunitid_value","_businessunitid_type","ismanaged","_roletemplateid_value","_roletemplateid_type","roleid","componentstate","_componentstate_label","_modifiedby_value","_modifiedby_type","_parentrootroleid_value","_parentrootroleid_type","createdon","versionnumber","modifiedon","name","iscustomizable","canbedeleted"]}}}},"List_SystemUserRolesCollection":{"runAfter":{"Parse_JSON_-_Roles":["Succeeded"]},"metadata":{"operationMetadataId":"f7e3283c-060d-4e88-83f3-9214f2671dda"},"type":"OpenApiConnection","inputs":{"host":{"apiId":"/providers/Microsoft.PowerApps/apis/shared_commondataservice","connectionName":"shared_commondataservice","operationId":"GetItems_V2"},"parameters":{"dataset":"@items('Apply_to_each_Environment')?['properties/linkedEnvironmentMetadata/instanceUrl']","table":"systemuserrolescollection","$filter":"roleid eq '@{first(outputs('List_Roles')?['body/value'])?['roleid']}'"},"authentication":{"value":"@json(decodeBase64(triggerOutputs().headers['X-MS-APIM-Tokens']))['$ConnectionKey']","type":"Raw"}}},"Parse_JSON_-_SystemUserRolesCollection":{"runAfter":{"List_SystemUserRolesCollection":["Succeeded"]},"metadata":{"operationMetadataId":"207003d6-42f0-456f-835d-3ff20d460ddf"},"type":"ParseJson","inputs":{"content":"@body('List_SystemUserRolesCollection')","schema":{"type":"object","properties":{"@@odata.context":{"type":"string"},"value":{"type":"array","items":{"type":"object","properties":{"@@odata.id":{"type":"string"},"@@odata.etag":{"type":"string"},"ItemInternalId":{"type":"string"},"systemuserid":{"type":"string"},"systemuserroleid":{"type":"string"},"roleid":{"type":"string"},"versionnumber":{"type":"integer"}},"required":["@@odata.id","@@odata.etag","ItemInternalId","systemuserid","systemuserroleid","roleid","versionnumber"]}}}}}},"Apply_to_each_SystemUserRoleCollection":{"foreach":"@body('Parse_JSON_-_SystemUserRolesCollection')?['value']","actions":{"List_SystemUsers":{"runAfter":{},"metadata":{"operationMetadataId":"e3ab8658-62d4-45ae-9196-e6caef1a3974"},"type":"OpenApiConnection","inputs":{"host":{"apiId":"/providers/Microsoft.PowerApps/apis/shared_commondataservice","connectionName":"shared_commondataservice","operationId":"GetItems_V2"},"parameters":{"dataset":"@items('Apply_to_each_Environment')?['properties/linkedEnvironmentMetadata/instanceUrl']","table":"systemusers","$filter":"systemuserid eq '@{items('Apply_to_each_SystemUserRoleCollection')?['systemuserid']}' and not contains(internalemailaddress,'@onmicrosoft.com') and not contains(internalemailaddress,'@microsoft.com')"},"authentication":{"value":"@json(decodeBase64(triggerOutputs().headers['X-MS-APIM-Tokens']))['$ConnectionKey']","type":"Raw"}}},"Parse_JSON_-_SystemUsers":{"runAfter":{"List_SystemUsers":["Succeeded"]},"metadata":{"operationMetadataId":"a357a706-841a-4cfe-a397-993a54fa55c7"},"type":"ParseJson","inputs":{"content":"@outputs('List_SystemUsers')?['body/value']","schema":{"type":"array","items":{"type":"object","properties":{"@@odata.id":{"type":"string"},"@@odata.etag":{"type":"string"},"ItemInternalId":{"type":"string"},"systemuserid":{"type":"string"},"address1_telephone1":{"type":"string"},"accessmode":{"type":"integer"},"_accessmode_label":{"type":"string"},"firstname":{"type":"string"},"setupuser":{"type":"boolean"},"azureactivedirectoryobjectid":{"type":"string"},"incomingemaildeliverymethod":{"type":"integer"},"_incomingemaildeliverymethod_label":{"type":"string"},"internalemailaddress":{"type":"string"},"identityid":{"type":"integer"},"domainname":{"type":"string"},"_queueid_value":{"type":"string"},"_queueid_type":{"type":"string"},"isintegrationuser":{"type":"boolean"},"createdon":{"type":"string"},"windowsliveid":{"type":"string"},"_calendarid_value":{"type":"string"},"_calendarid_type":{"type":"string"},"fullname":{"type":"string"},"_businessunitid_value":{"type":"string"},"_businessunitid_type":{"type":"string"},"caltype":{"type":"integer"},"_caltype_label":{"type":"string"},"modifiedon":{"type":"string"},"azurestate":{"type":"integer"},"_azurestate_label":{"type":"string"},"defaultfilterspopulated":{"type":"boolean"},"outgoingemaildeliverymethod":{"type":"integer"},"_outgoingemaildeliverymethod_label":{"type":"string"},"address1_composite":{"type":"string"},"emailrouteraccessapproval":{"type":"integer"},"_emailrouteraccessapproval_label":{"type":"string"},"lastname":{"type":"string"},"issyncwithdirectory":{"type":"boolean"},"userlicensetype":{"type":"integer"},"deletedstate":{"type":"integer"},"_deletedstate_label":{"type":"string"},"organizationid":{"type":"string"},"defaultodbfoldername":{"type":"string"},"versionnumber":{"type":"integer"},"isemailaddressapprovedbyo365admin":{"type":"boolean"},"invitestatuscode":{"type":"integer"},"_invitestatuscode_label":{"type":"string"},"yomifullname":{"type":"string"},"isdisabled":{"type":"boolean"},"userpuid":{"type":"string"},"_defaultmailbox_value":{"type":"string"},"_defaultmailbox_type":{"type":"string"},"address1_country":{"type":"string"},"islicensed":{"type":"boolean"},"_address1_addresstypecode_label":{"type":"string"},"_address2_addresstypecode_label":{"type":"string"},"_preferredphonecode_label":{"type":"string"},"_preferredaddresscode_label":{"type":"string"},"_preferredemailcode_label":{"type":"string"}},"required":["systemuserid"]}}}},"Condition_-_If_SystemUser_exists":{"actions":{},"runAfter":{"Parse_JSON_-_SystemUsers":["Succeeded"]},"else":{"actions":{"Set_variable_-_varSystemAdminObject":{"runAfter":{},"metadata":{"operationMetadataId":"6c4cb891-fb38-45b8-ae77-708099fe47f3"},"type":"SetVariable","inputs":{"name":"varSystemAdminObject","value":{"SystemAdminEmail":"@{first(outputs('List_SystemUsers')?['body/value'])?['internalemailaddress']}","EnvironmentDisplayName":"@{outputs('Environment_DisplayName')}","RoleType":"System Admin","EnvironmentType":"Dataverse"}}},"Append_to_array_variable_-_varSystemAdminsArray":{"runAfter":{"Set_variable_-_varSystemAdminObject":["Succeeded"]},"metadata":{"operationMetadataId":"ac5e630d-7b56-452e-88a3-2b0187c0df84"},"type":"AppendToArrayVariable","inputs":{"name":"varSystemAdminsArray","value":"@variables('varSystemAdminObject')"}}}},"expression":{"equals":["@first(outputs('List_SystemUsers')?['body/value'])?['internalemailaddress']","@null"]},"metadata":{"operationMetadataId":"315c2408-f503-4cdf-b8d2-883541b9cb0b"},"type":"If"}},"runAfter":{"Parse_JSON_-_SystemUserRolesCollection":["Succeeded"]},"metadata":{"operationMetadataId":"7c3cea60-1ca5-45db-afdc-607a9cad0632"},"type":"Foreach"}}},"expression":{"equals":["@items('Apply_to_each_Environment')?['properties/linkedEnvironmentMetadata/platformSku']","Lite"]},"metadata":{"operationMetadataId":"66a5192e-2e4a-4ea5-81ba-90656705e0b2"},"type":"If"}}},"expression":{"equals":["@items('Apply_to_each_Environment')?['properties/linkedEnvironmentMetadata/platformSku']","@null"]},"metadata":{"operationMetadataId":"c661360a-72ef-4be5-9b67-ee0c4e346bde"},"type":"If"}},"runAfter":{"Initialize_variable_-_varSystemAdminArray":["Succeeded"]},"metadata":{"operationMetadataId":"6b283dd2-aaf9-4dda-975f-42a8ff0b986e"},"type":"Foreach"},"Initialize_variable_-_varSystemAdminsObject":{"runAfter":{"List_Environments_as_Admin":["Succeeded"]},"metadata":{"operationMetadataId":"2b891f8c-b299-4291-a346-8716d0f1e312"},"type":"InitializeVariable","inputs":{"variables":[{"name":"varSystemAdminObject","type":"object"}]}},"Initialize_variable_-_varSystemAdminArray":{"runAfter":{"Initialize_variable_-_varSystemAdminsObject":["Succeeded"]},"metadata":{"operationMetadataId":"00bb191c-51bc-40a2-acba-424ce485bbc1"},"type":"InitializeVariable","inputs":{"variables":[{"name":"varSystemAdminsArray","type":"array"}]}},"Compose_varSystemAdminsArray":{"runAfter":{"Apply_to_each_Environment":["Succeeded","Failed","Skipped","TimedOut"]},"metadata":{"operationMetadataId":"3aa72d58-ce73-4903-a7a7-f40423ce6356"},"type":"Compose","inputs":"@variables('varSystemAdminsArray')"}},"description":"This flow uses the legacy Dataverse connector, which allows a Power Platform administrator to configure it in order to grab all users with the System Administrator role for all environments. This includes Dataverse for Teams environment.\n\nIt currently just outputs the results to an array. These results can be added to an SPO list, Dataverse table, etc."},"connectionReferences":{"shared_powerplatformforadmins":{"connectionName":"1912cb6ef5304c3f838e8e1055d8b605","source":"Invoker","id":"/providers/Microsoft.PowerApps/apis/shared_powerplatformforadmins","tier":"NotSpecified"},"shared_office365groups":{"connectionName":"69ab68beebc548dcb4246418002bae44","source":"Invoker","id":"/providers/Microsoft.PowerApps/apis/shared_office365groups","tier":"NotSpecified"},"shared_commondataservice":{"connectionName":"e5ef22f33db1499aa0297ad9bf56081c","source":"Invoker","id":"/providers/Microsoft.PowerApps/apis/shared_commondataservice","tier":"NotSpecified"}},"flowFailureAlertSubscribed":false,"isManaged":false}}