<ImportExportXml xmlns:xsi="http://www.w3.org/2001/XMLSchema-instance">
  <Entities></Entities>
  <Roles></Roles>
  <Workflows>
    <Workflow WorkflowId="{ac9aaa3e-9992-ed11-aad1-00224805c952}" Name="Get System Administrators option" Description="This flow gets the list of users with the System Administrator for the environment the flow is running on. The account has to have the Power Platform Administrator role or System Administrator role.&#xA;&#xA;The Dataverse list rows action has pagination enabled to be able to pull up to 100,000 records. &#xA;&#xA;The list of System Administrators is saved to an Excel file stored in a SharePoint Oline site.">
      <JsonFileName>/Workflows/GetSystemAdministratorsoption-AC9AAA3E-9992-ED11-AAD1-00224805C952.json</JsonFileName>
      <Type>1</Type>
      <Subprocess>0</Subprocess>
      <Category>5</Category>
      <Mode>0</Mode>
      <Scope>4</Scope>
      <OnDemand>0</OnDemand>
      <TriggerOnCreate>0</TriggerOnCreate>
      <TriggerOnDelete>0</TriggerOnDelete>
      <AsyncAutodelete>0</AsyncAutodelete>
      <SyncWorkflowLogOnFailure>0</SyncWorkflowLogOnFailure>
      <StateCode>1</StateCode>
      <StatusCode>2</StatusCode>
      <RunAs>1</RunAs>
      <IsTransacted>1</IsTransacted>
      <IntroducedVersion>1.0.0.0</IntroducedVersion>
      <IsCustomizable>1</IsCustomizable>
      <BusinessProcessType>0</BusinessProcessType>
      <IsCustomProcessingStepAllowedForOtherPublishers>1</IsCustomProcessingStepAllowedForOtherPublishers>
      <PrimaryEntity>none</PrimaryEntity>
      <LocalizedNames>
        <LocalizedName languagecode="1033" description="Get System Administrators option" />
      </LocalizedNames>
      <Descriptions>
        <Description languagecode="1033" description="This flow gets the list of users with the System Administrator for the environment the flow is running on. The account has to have the Power Platform Administrator role or System Administrator role.&#xA;&#xA;The Dataverse list rows action has pagination enabled to be able to pull up to 100,000 records. &#xA;&#xA;The list of System Administrators is saved to an Excel file stored in a SharePoint Oline site." />
      </Descriptions>
    </Workflow>
  </Workflows>
  <FieldSecurityProfiles></FieldSecurityProfiles>
  <Templates />
  <EntityMaps />
  <EntityRelationships />
  <OrganizationSettings />
  <optionsets />
  <CustomControls />
  <EntityDataProviders />
  <connectionreferences>
    <connectionreference connectionreferencelogicalname="mm_sharedcommondataserviceforapps_e4e1d">
      <connectionreferencedisplayname>Microsoft Dataverse ListSystemAdministrators-e4e1d</connectionreferencedisplayname>
      <connectorid>/providers/Microsoft.PowerApps/apis/shared_commondataserviceforapps</connectorid>
      <iscustomizable>1</iscustomizable>
      <statecode>0</statecode>
      <statuscode>1</statuscode>
    </connectionreference>
    <connectionreference connectionreferencelogicalname="mm_sharedexcelonlinebusiness_1fa9e">
      <connectionreferencedisplayname>Excel Online (Business) ListSystemAdministrators-1fa9e</connectionreferencedisplayname>
      <connectorid>/providers/Microsoft.PowerApps/apis/shared_excelonlinebusiness</connectorid>
      <iscustomizable>1</iscustomizable>
      <statecode>0</statecode>
      <statuscode>1</statuscode>
    </connectionreference>
  </connectionreferences>
  <Languages>
    <Language>1033</Language>
  </Languages>
</ImportExportXml>