{"name":"b42599e1-fb36-499e-9387-ff5e0c02b3c3","id":"/providers/Microsoft.Flow/flows/b42599e1-fb36-499e-9387-ff5e0c02b3c3","type":"Microsoft.Flow/flows","properties":{"apiId":"/providers/Microsoft.PowerApps/apis/shared_logicflows","displayName":"Get D4VT Environment Owners","definition":{"metadata":{"workflowEntityId":null,"processAdvisorMetadata":null,"flowclientsuspensionreason":"None","flowclientsuspensiontime":null,"flowclientsuspensionreasondetails":null,"creator":{"id":"088b2e33-e7dd-4793-b8d0-b713e8f1fb97","type":"User","tenantId":"c2593687-bdd2-40dc-9d37-140efdbbfed3"},"provisioningMethod":"FromDefinition","failureAlertSubscription":true,"clientLastModifiedTime":"2023-03-31T18:49:51.8608072Z"},"$schema":"https://schema.management.azure.com/providers/Microsoft.Logic/schemas/2016-06-01/workflowdefinition.json#","contentVersion":"1.0.0.0","parameters":{"$connections":{"defaultValue":{},"type":"Object"},"$authentication":{"defaultValue":{},"type":"SecureObject"}},"triggers":{"manual":{"metadata":{"operationMetadataId":"c1720598-20c3-4eac-aedd-1db7db007534"},"type":"Request","kind":"Button","inputs":{"schema":{"type":"object","properties":{},"required":[]}}}},"actions":{"List_Environments_as_Admin":{"runAfter":{},"metadata":{"operationMetadataId":"9cb082ed-6073-4143-a216-5b49d21183be"},"type":"OpenApiConnection","inputs":{"host":{"apiId":"/providers/Microsoft.PowerApps/apis/shared_powerplatformforadmins","connectionName":"shared_powerplatformforadmins","operationId":"Get-AdminEnvironment"},"parameters":{"api-version":"2018-10-01"},"authentication":{"value":"@json(decodeBase64(triggerOutputs().headers['X-MS-APIM-Tokens']))['$ConnectionKey']","type":"Raw"}},"runtimeConfiguration":{"paginationPolicy":{"minimumItemCount":1000}}},"Filter_array":{"runAfter":{"List_Environments_as_Admin":["Succeeded"]},"metadata":{"operationMetadataId":"13ff0982-d5de-4e93-a05f-e86e95bc3896"},"type":"Query","inputs":{"from":"@outputs('List_Environments_as_Admin')?['body/value']","where":"@equals(item()?['properties/linkedEnvironmentMetadata/platformSku'], 'Lite')"},"description":"item()?['properties/linkedEnvironmentMetadata/platformSku']"},"Apply_to_each":{"foreach":"@body('Filter_array')","actions":{"TeamID":{"runAfter":{},"metadata":{"operationMetadataId":"cfabf467-996e-472c-a0f6-8999137a7105"},"type":"Compose","inputs":"@string(items('Apply_to_each')?['properties']?['ConnectedGroups']?[0]?['ID'])","description":"string(items('Apply_to_each')?['properties']?['ConnectedGroups']?[0]?['ID'])"},"Get_group":{"runAfter":{"TeamID":["Succeeded"]},"metadata":{"operationMetadataId":"1577f85d-6f42-4b5a-bd76-8e5d65337a89"},"type":"OpenApiConnection","inputs":{"host":{"apiId":"/providers/Microsoft.PowerApps/apis/shared_azuread","connectionName":"shared_azuread","operationId":"GetGroup"},"parameters":{"id":"@outputs('TeamID')"},"authentication":{"value":"@json(decodeBase64(triggerOutputs().headers['X-MS-APIM-Tokens']))['$ConnectionKey']","type":"Raw"}}},"Send_an_HTTP_request_V2":{"runAfter":{"Get_group":["Succeeded"]},"metadata":{"operationMetadataId":"97f8e533-f619-45e7-a30a-c4d886ba092c"},"type":"OpenApiConnection","inputs":{"host":{"apiId":"/providers/Microsoft.PowerApps/apis/shared_office365groups","connectionName":"shared_office365groups","operationId":"HttpRequestV2"},"parameters":{"Uri":"https://graph.microsoft.com/v1.0/groups/@{outputs('TeamID')}/owners","Method":"GET","ContentType":"application/json"},"authentication":{"value":"@json(decodeBase64(triggerOutputs().headers['X-MS-APIM-Tokens']))['$ConnectionKey']","type":"Raw"}}},"Parse_JSON":{"runAfter":{"Send_an_HTTP_request_V2":["Succeeded"]},"metadata":{"operationMetadataId":"8b0da2c5-581a-4514-9dee-7d3f4c9b8b39"},"type":"ParseJson","inputs":{"content":"@body('Send_an_HTTP_request_V2')","schema":{"type":"object","properties":{"statusCode":{"type":"integer"},"headers":{"type":"object","additionalProperties":{"type":"string"}},"body":{"type":"object","properties":{"@@odata.context":{"type":"string"},"value":{"type":"array","items":{"type":"object","properties":{"@@odata.type":{"type":"string"},"id":{"type":"string"},"businessPhones":{"type":"array","items":{"type":"string"}},"displayName":{"type":"string"},"givenName":{"type":"string"},"jobTitle":{},"mail":{"type":"string"},"mobilePhone":{},"officeLocation":{},"preferredLanguage":{"type":"string"},"surname":{"type":"string"},"userPrincipalName":{"type":"string"}},"required":["@@odata.type","id","businessPhones","displayName","givenName","mail","preferredLanguage","surname","userPrincipalName"]}}}}}}}},"Condition":{"actions":{"Compose":{"runAfter":{},"metadata":{"operationMetadataId":"e02cee98-c078-4b4a-a413-c8993d566fd0"},"type":"Compose","inputs":"Team has no owners."}},"runAfter":{"Parse_JSON":["Succeeded"]},"else":{"actions":{"Compose_2":{"runAfter":{},"metadata":{"operationMetadataId":"038ae365-85df-4300-bf46-0261d176d65d"},"type":"Compose","inputs":"Team has owners."}}},"expression":{"equals":["@length(body('Parse_JSON')?['value'])",0]},"metadata":{"operationMetadataId":"3b7f90e7-6a78-46f9-a1f9-ec7ead3081b4"},"type":"If","description":"length(body('Parse_JSON')?['value'])"}},"runAfter":{"Filter_array":["Succeeded"]},"metadata":{"operationMetadataId":"1c156b88-7815-4748-b751-9d3bfab8b7fa"},"type":"Foreach"}},"outputs":{},"description":"This flow can be used and ran on a schedule to take action (send an email for example) on Dataverse for Teams environments who are currently ownerless."},"connectionReferences":{"shared_powerplatformforadmins":{"connectionName":"1912cb6ef5304c3f838e8e1055d8b605","source":"Invoker","id":"/providers/Microsoft.PowerApps/apis/shared_powerplatformforadmins","tier":"NotSpecified"},"shared_azuread":{"connectionName":"shared-azuread-f4e742c4-5b0a-4334-a426-360deb25a8be","source":"Invoker","id":"/providers/Microsoft.PowerApps/apis/shared_azuread","tier":"NotSpecified"},"shared_office365groups":{"connectionName":"69ab68beebc548dcb4246418002bae44","source":"Invoker","id":"/providers/Microsoft.PowerApps/apis/shared_office365groups","tier":"NotSpecified"}},"flowFailureAlertSubscribed":false,"isManaged":false}}