{
  "properties": {
    "connectionReferences": {
      "shared_commondataserviceforapps_1": {
        "impersonation": {},
        "runtimeSource": "embedded",
        "connection": {
          "connectionReferenceLogicalName": "mm_sharedcommondataserviceforapps_e4e1d"
        },
        "api": {
          "name": "shared_commondataserviceforapps"
        }
      },
      "shared_excelonlinebusiness_1": {
        "runtimeSource": "embedded",
        "connection": {
          "connectionReferenceLogicalName": "mm_sharedexcelonlinebusiness_1fa9e"
        },
        "api": {
          "name": "shared_excelonlinebusiness"
        }
      }
    },
    "definition": {
      "$schema": "https://schema.management.azure.com/providers/Microsoft.Logic/schemas/2016-06-01/workflowdefinition.json#",
      "contentVersion": "1.0.0.0",
      "parameters": {
        "$connections": {
          "defaultValue": {},
          "type": "Object"
        },
        "$authentication": {
          "defaultValue": {},
          "type": "SecureObject"
        }
      },
      "triggers": {
        "Recurrence": {
          "recurrence": {
            "frequency": "Month",
            "interval": 1,
            "timeZone": "Central Standard Time"
          },
          "metadata": {
            "operationMetadataId": "73cd2234-1a1d-4556-b0b8-57d73ff558ca"
          },
          "type": "Recurrence"
        }
      },
      "actions": {
        "List_Users_-_Security_Roles": {
          "runAfter": {},
          "metadata": {
            "operationMetadataId": "6eb4249a-5709-480d-8b89-4272e8b89f27"
          },
          "type": "OpenApiConnection",
          "inputs": {
            "host": {
              "apiId": "/providers/Microsoft.PowerApps/apis/shared_commondataserviceforapps",
              "connectionName": "shared_commondataserviceforapps_1",
              "operationId": "ListRecords"
            },
            "parameters": {
              "entityName": "systemusers",
              "$select": "domainname,firstname,lastname,internalemailaddress",
              "$expand": "systemuserroles_association($select=name;$filter=name eq 'System Administrator')"
            },
            "authentication": "@parameters('$authentication')"
          },
          "runtimeConfiguration": {
            "paginationPolicy": {
              "minimumItemCount": 100000
            }
          }
        },
        "Apply_to_each": {
          "foreach": "@outputs('List_Users_-_Security_Roles')?['body/value']",
          "actions": {
            "Apply_to_each_2": {
              "foreach": "@items('Apply_to_each')?['systemuserroles_association']",
              "actions": {
                "Add_a_row_into_a_table": {
                  "runAfter": {},
                  "metadata": {
                    "01ZHWY6MZQENV6DWJBIJEY26FFBWL5D4D5": "/SecurityRoleAssignment.xlsx",
                    "operationMetadataId": "ec4d6d1e-4ee4-4d11-9000-8f5344428d2e",
                    "tableId": "{3C793479-8412-4D40-96C9-F27D21DDB84F}",
                    "01ZHWY6M7NO3HR52YWI5E33SODBVOHONRI": "/PPEnvironmentSystemAdministrators.xlsx",
                    "01VUPSD4YUZJEPJSJQIVFZBWDF47C2ZUC5": "/PPEnvironmentSystemAdministrators.xlsx"
                  },
                  "type": "OpenApiConnection",
                  "inputs": {
                    "host": {
                      "apiId": "/providers/Microsoft.PowerApps/apis/shared_excelonlinebusiness",
                      "connectionName": "shared_excelonlinebusiness_1",
                      "operationId": "AddRowV2"
                    },
                    "parameters": {
                      "source": "https://andromeda1987.sharepoint.com/sites/M365Adoption/",
                      "drive": "b!FLmKR4w-JESjYmsC1dfuXuAYAlpoqyVOj8JuJnXUurEqIjgwB9rYRa4A0O5FE2ae",
                      "file": "01VUPSD4YUZJEPJSJQIVFZBWDF47C2ZUC5",
                      "table": "{3C793479-8412-4D40-96C9-F27D21DDB84F}",
                      "item/Username": "@items('Apply_to_each')?['domainname']",
                      "item/First Name": "@items('Apply_to_each')?['firstname']",
                      "item/Last Name": "@items('Apply_to_each')?['lastname']",
                      "item/Email": "@items('Apply_to_each')?['internalemailaddress']",
                      "item/Security Role": "@items('Apply_to_each_2')?['name']"
                    },
                    "authentication": "@parameters('$authentication')"
                  }
                }
              },
              "runAfter": {},
              "metadata": {
                "operationMetadataId": "496a127e-0c7c-4d9a-89e4-3262e4473727"
              },
              "type": "Foreach"
            }
          },
          "runAfter": {
            "List_Users_-_Security_Roles": [
              "Succeeded"
            ]
          },
          "metadata": {
            "operationMetadataId": "7d2c28b8-beb9-4565-a1e0-ff39b39c1a74"
          },
          "type": "Foreach"
        }
      },
      "outputs": {}
    },
    "templateName": null
  },
  "schemaVersion": "1.0.0.0"
}