{"name":"58ff01bf-53d0-4370-b3c1-8c63b83906eb","id":"/providers/Microsoft.Flow/flows/58ff01bf-53d0-4370-b3c1-8c63b83906eb","type":"Microsoft.Flow/flows","properties":{"apiId":"/providers/Microsoft.PowerApps/apis/shared_logicflows","displayName":"MS Teams App Request Notification","definition":{"metadata":{"workflowEntityId":null,"processAdvisorMetadata":null,"flowChargedByPaygo":null,"flowclientsuspensionreason":"None","flowclientsuspensiontime":null,"flowclientsuspensionreasondetails":null,"creator":{"id":"088b2e33-e7dd-4793-b8d0-b713e8f1fb97","type":"User","tenantId":"c2593687-bdd2-40dc-9d37-140efdbbfed3"},"provisioningMethod":"FromDefinition","failureAlertSubscription":true,"clientLastModifiedTime":"2023-05-16T16:21:20.6777363Z"},"$schema":"https://schema.management.azure.com/providers/Microsoft.Logic/schemas/2016-06-01/workflowdefinition.json#","contentVersion":"1.0.0.0","parameters":{"$connections":{"defaultValue":{},"type":"Object"},"$authentication":{"defaultValue":{},"type":"SecureObject"}},"triggers":{"When_a_new_response_is_submitted":{"metadata":{"operationMetadataId":"7afbc379-f374-471e-82bd-a49043dbdd7c"},"type":"OpenApiConnectionWebhook","inputs":{"host":{"apiId":"/providers/Microsoft.PowerApps/apis/shared_microsoftforms","connectionName":"shared_microsoftforms","operationId":"CreateFormWebhook"},"parameters":{"form_id":"hzZZwtK93ECdNxQO_bv-05QDX9wXeUhOkFToE-qKBGhUNUkyN1BYTTVMR0pXWVhaWkZFSVlTQ0g1MyQlQCN0PWcu"},"authentication":"@parameters('$authentication')"},"description":"Recommend to create the MS Form in an M365 Group. To grab the ID of the form, go to the form and grab the id from the URL and paste it here using the custom option."}},"actions":{"Apply_to_each":{"foreach":"@triggerOutputs()?['body/value']","actions":{"Get_response_details":{"runAfter":{},"metadata":{"operationMetadataId":"42733bf9-5d45-4323-be61-c9ce671f5583"},"type":"OpenApiConnection","inputs":{"host":{"apiId":"/providers/Microsoft.PowerApps/apis/shared_microsoftforms","connectionName":"shared_microsoftforms","operationId":"GetFormResponseById"},"parameters":{"form_id":"hzZZwtK93ECdNxQO_bv-05QDX9wXeUhOkFToE-qKBGhUNUkyN1BYTTVMR0pXWVhaWkZFSVlTQ0g1MyQlQCN0PWcu","response_id":"@items('Apply_to_each')?['resourceData/responseId']"},"authentication":"@parameters('$authentication')"},"description":"Paste the same form id from the trigger."},"Create_item":{"runAfter":{"Get_response_details":["Succeeded"]},"metadata":{"operationMetadataId":"9d80da9b-8293-41e0-ada2-bb64e7399514"},"type":"OpenApiConnection","inputs":{"host":{"apiId":"/providers/Microsoft.PowerApps/apis/shared_sharepointonline","connectionName":"shared_sharepointonline","operationId":"PostItem"},"parameters":{"dataset":"https://andromeda1987.sharepoint.com/sites/M365Adoption","table":"696bfe6c-ad4a-46aa-a529-e949d93f3181","item/Title":"@outputs('Get_response_details')?['body/r9ce82437c2b34ebba3f3af254cf905df']","item/Requestor/Claims":"@outputs('Get_response_details')?['body/responder']","item/AppURL":"@outputs('Get_response_details')?['body/r075190908ba345c5981c9e43fac8d568']","item/BusinessJustification":"@outputs('Get_response_details')?['body/r4ae8a042fc334005a8bcbc0ee40516ba']","item/Status/Value":"New"},"authentication":"@parameters('$authentication')"},"description":"Re-map this action to your specific SPO site and list"},"Post_message_in_a_chat_or_channel":{"runAfter":{"Create_item":["Succeeded"]},"metadata":{"operationMetadataId":"b84abe26-cf9a-45d4-bf13-27cdc1a0a189"},"type":"OpenApiConnection","inputs":{"host":{"apiId":"/providers/Microsoft.PowerApps/apis/shared_teams","connectionName":"shared_teams","operationId":"PostMessageToConversation"},"parameters":{"poster":"Flow bot","location":"Channel","body/recipient/groupId":"dc5f0394-7917-4e48-9054-e813ea8a0468","body/recipient/channelId":"19:vpZbzga5k1ebIhPO_7A_wpYpEwU4-TuGQhBQALKe_NA1@thread.tacv2","body/messageBody":"<p><b>New MS Teams App Request</b><br>\n<br>\n<b>Requestor: </b> @{outputs('Create_item')?['body/Requestor/DisplayName']}<br>\n<b>App Name: </b> @{outputs('Create_item')?['body/Title']}<br>\n<b> Request: </b>  <a href=\"@{outputs('Create_item')?['body/{Link}']}\">Link to Item</a><br>\n<br>\n<b> Business Justification: </b> @{outputs('Create_item')?['body/BusinessJustification']}</p>"},"authentication":"@parameters('$authentication')"},"description":"Select the MS Team and Channel you want to send the notification to. Reason we are using HTML formatting is so we can do an href to hyperlink. You could also add an action to send an email notification if desired."}},"runAfter":{},"metadata":{"operationMetadataId":"5a538314-99b4-4f9a-8199-f130a062a012"},"type":"Foreach"}},"outputs":{},"description":"Record form responses in SharePoint"},"connectionReferences":{"shared_microsoftforms":{"connectionName":"shared-microsoftform-d56677d2-8c61-484f-ae94-c94b80ba7f1a","source":"Embedded","id":"/providers/Microsoft.PowerApps/apis/shared_microsoftforms","tier":"NotSpecified"},"shared_sharepointonline":{"connectionName":"0e50849d3b15476aa6e24ce412de7f87","source":"Embedded","id":"/providers/Microsoft.PowerApps/apis/shared_sharepointonline","tier":"NotSpecified"},"shared_teams":{"connectionName":"shared-teams-b4d06655-8c43-4574-82b2-432d9ed7e85c","source":"Embedded","id":"/providers/Microsoft.PowerApps/apis/shared_teams","tier":"NotSpecified"}},"flowFailureAlertSubscribed":false,"isManaged":false}}